compl_total1,compl_total2,compl_total3,compl_total4,compl_total5,compl_total6,compl_total7,compl_total8,compl_total9,compl_total10,compl_total11,compl_total12,compl_total13,compl_total14,compl_total15,compl_total16,compl_total17,compl_total18,compl_total19,compl_total20,compl_total21,compl_total22,compl_total23,compl_total24,compl_total25,compl_total26,compl_total27,compl_total28,compl_total29,compl_total30,compl_total31,compl_total32,compl_total33,compl_total34,compl_total35,compl_total36,compl_total37,compl_total38,compl_total39
68,0.913333333333333,11,5.51397849462366,0.528077804273624,0.483379797098212,,2.31992285714286,0.861458853074874,11,5.93916666666667,9,2.96694444444444,1,0.904453551912567,265.9826273,,0.913333333333333,7.05555555555556,1.44444444444444,1.94444444444444,0.5,89.0555555555556,,9.94444444444444,0,8.52777777777778,18.8888888888889,62.6388888888889,,39.4366197183099,47.887323943662,5.63380281690141,2.8169014084507,4.22535211267606,,0.589720112065471,0.0918996415770609,
