conflicta_min1,conflicta_min2,conflicta_min3,conflicta_min4
0,0.142857142857143,0.0348214285714286,
0,0.125,0.0727459016393443,
0,0,0,
0,0.125,0.0476415094339623,
0,0,0,
